"image","xmin","ymin","xmax","ymax","label"
"root1.jpg",11.203952814569538,246.94743377483445,598.3676531456954,396.48696192052984,"root"
"root3.jpg",2.59726821192053,197.72868377483445,556.459540562914,440.69225993377484,"root"
"root5.jpg",96.49989652317882,10.608961092715232,479.71078228476824,594.8287458609273,"root"
"root2.jpg",1.3840024834437088,294.4691639072848,346.5128311258278,479.82201986754967,"root"
"root4.jpg",175.32077814569539,160.74606788079473,592.9972061258279,562.0421150662253,"root"
"root9.jpg",46.41452814569537,19.148385761589406,580.8205711920531,553.6035802980133,"root"
"root8.jpg",25.496688741721858,17.26252069536424,564.8747930463577,598.7427566225166,"root"
"root6.jpg",2.5662251655629142,33.81363824503312,598.4763038079471,565.9483650662252,"root"
"root7.jpg",188.79087334437088,2.532595198675497,416.4916183774835,586.9334644039735,"root"